<?xml version="1.0"?>
<Presets>
    <Preset name="SSD5_2_GGD">
            <Convert>
               <NoteBefore>36</NoteBefore>
               <NoteAfter>24</NoteAfter>
               <Instrument>KICK</Instrument>
            </Convert>
            <Convert>
               <NoteBefore>38</NoteBefore>
               <NoteAfter>26</NoteAfter>
               <Instrument>SNARE</Instrument>
            </Convert>
            <Convert>
               <NoteBefore>46</NoteBefore>
               <NoteAfter>26</NoteAfter>
               <Instrument>TOM_LO</Instrument>"
            </Convert>
            <Convert>
               <NoteBefore>57</NoteBefore>
               <NoteAfter>56</NoteAfter>
               <Instrument>TOM_HI</Instrument>
            </Convert>
            <Convert>
               <NoteBefore>55</NoteBefore>
               <NoteAfter>54</NoteAfter>
               <Instrument>HIHAT</Instrument>
            </Convert>
            <Convert>
               <NoteBefore>42</NoteBefore>
               <NoteAfter>23</NoteAfter>
               <Instrument>CRASH_LE</Instrument>
            </Convert>
            <Convert>
                <NoteBefore>48</NoteBefore>
                <NoteAfter>41</NoteAfter>
                <Instrument>CRASH_RI</Instrument>
            </Convert>
            <Convert>
                <NoteBefore>50</NoteBefore>
                <NoteAfter>28</NoteAfter>
                <Instrument>RIDE</Instrument>
            </Convert>
            <Convert>
                <NoteBefore>60</NoteBefore>
                <NoteAfter>43</NoteAfter>
                <Instrument>XXX</Instrument>
            </Convert>
            <Convert>
                <NoteBefore>66</NoteBefore>
                <NoteAfter>42</NoteAfter>
                <Instrument>XXX</Instrument>
            </Convert>
            <Convert>
                <NoteBefore>51</NoteBefore>
                <NoteAfter>61</NoteAfter>
                <Instrument>XXX</Instrument>
            </Convert>
            <Convert>
                <NoteBefore>54</NoteBefore>
                <NoteAfter>42</NoteAfter>
                <Instrument>XXX</Instrument>
            </Convert>
            <Convert>
                <NoteBefore>56</NoteBefore>
                <NoteAfter>61</NoteAfter>
                <Instrument>XXX</Instrument>
            </Convert>
            <Convert>
                <NoteBefore>40</NoteBefore>
                <NoteAfter>47</NoteAfter>
                <Instrument>XXX</Instrument>
            </Convert>
            <Convert>
                <NoteBefore>65</NoteBefore>
                <NoteAfter>56</NoteAfter>
                <Instrument>XXX</Instrument>
            </Convert>
            <Convert>
                <NoteBefore>59</NoteBefore>
                <NoteAfter>54</NoteAfter>
                <Instrument>XXX</Instrument>
            </Convert>
            <Convert>
                <NoteBefore>47</NoteBefore>
                <NoteAfter>47</NoteAfter>
                <Instrument>XXX</Instrument>
            </Convert>
    </Preset>
    <Preset name="Test">
            <Convert>
                <NoteBefore>47</NoteBefore>
                <NoteAfter>47</NoteAfter>
                <Instrument>XXX</Instrument>
            </Convert>
            <Convert>
                <NoteBefore>47</NoteBefore>
                <NoteAfter>47</NoteAfter>
                <Instrument>XXX</Instrument>
            </Convert>
            <Convert>
                <NoteBefore>47</NoteBefore>
                <NoteAfter>47</NoteAfter>
                <Instrument>XXX</Instrument>
            </Convert>
    </Preset>
</Presets>
